date,ny_dow_open,ny_dow_close,nikkei225_open,nikkei225_close,spread,ma20,ma50,spread_10d_change,signal_b,signal_c2,signal_state
2026-01-02,48162.0,48387.0,50560.0,51143.0,-2756.0,,,,False,False,NO SIGNAL
2026-01-05,48394.0,48993.0,51103.0,52252.0,-3259.0,,,,False,False,NO SIGNAL
2026-01-06,48989.0,49462.0,52295.0,52127.0,-2665.0,,,,False,False,NO SIGNAL
2026-01-07,49500.0,48978.0,52180.0,52030.0,-3052.0,,,,False,False,NO SIGNAL
2026-01-08,49022.0,49263.0,51892.0,51656.0,-2393.0,,,,False,False,NO SIGNAL
2026-01-09,49344.0,49508.0,51591.0,53631.0,-4123.0,,,,False,False,NO SIGNAL
2026-01-12,49453.0,49589.0,53778.0,54211.0,-4622.0,,,,False,False,NO SIGNAL
2026-01-13,49540.0,49194.0,54208.0,54020.0,-4826.0,,,,False,False,NO SIGNAL
2026-01-14,49167.0,49172.0,54028.0,54134.0,-4962.0,,,,False,False,NO SIGNAL
2026-01-15,49127.0,49430.0,54012.0,54034.0,-4604.0,,,,False,False,NO SIGNAL
2026-01-16,49487.0,49347.0,54093.0,53779.0,-4432.0,,,-1676.0,False,False,NO SIGNAL
2026-01-19,49084.0,48981.0,53548.0,53583.0,-4602.0,,,-1343.0,False,False,NO SIGNAL
2026-01-20,48975.0,48512.0,53589.0,52206.0,-3694.0,,,-1029.0,False,False,NO SIGNAL
2026-01-21,48563.0,49099.0,52275.0,53286.0,-4187.0,,,-1135.0,False,False,NO SIGNAL
2026-01-22,49195.0,49387.0,53385.0,54109.0,-4722.0,,,-2329.0,False,False,NO SIGNAL
2026-01-23,49365.0,49102.0,54111.0,52970.0,-3868.0,,,255.0,False,False,NO SIGNAL
2026-01-26,48919.0,49427.0,52408.0,52664.0,-3237.0,,,1385.0,False,False,NO SIGNAL
2026-01-27,49239.0,49011.0,52704.0,52919.0,-3908.0,,,918.0,False,False,NO SIGNAL
2026-01-28,49004.0,49041.0,53040.0,53776.0,-4735.0,,,227.0,False,False,NO SIGNAL
2026-01-29,48939.0,49069.0,53990.0,53403.0,-4334.0,-3949.05,,270.0,False,False,NO SIGNAL
2026-01-30,48958.0,48901.0,53313.0,53530.0,-4629.0,-4042.7,,-197.0,False,False,NO SIGNAL
2026-02-02,48798.0,49428.0,53762.0,53996.0,-4568.0,-4108.15,,34.0,False,False,NO SIGNAL
2026-02-03,49444.0,49237.0,54029.0,54164.0,-4927.0,-4221.25,,-1233.0,False,False,NO SIGNAL
2026-02-04,49259.0,49458.0,54240.0,54566.0,-5108.0,-4324.05,,-921.0,False,False,NO SIGNAL
2026-02-05,49512.0,48912.0,54734.0,53991.0,-5079.0,-4458.35,,-357.0,False,False,NO SIGNAL
2026-02-06,48782.0,50097.0,53698.0,56522.0,-6425.0,-4573.45,,-2557.0,False,False,NO SIGNAL
2026-02-09,50213.0,50128.0,58250.0,57292.0,-7164.0,-4700.55,,-3927.0,False,False,NO SIGNAL
2026-02-10,50100.0,50199.0,57252.0,57925.0,-7726.0,-4845.55,,-3818.0,False,False,NO SIGNAL
2026-02-11,50276.0,50146.0,57900.0,58230.0,-8084.0,-5001.65,,-3349.0,False,False,NO SIGNAL
2026-02-12,50140.0,49467.0,58258.0,56856.0,-7389.0,-5140.9,,-3055.0,False,False,NO SIGNAL
2026-02-13,49492.0,49506.0,57233.0,57709.0,-8203.0,-5329.45,,-3574.0,False,False,NO SIGNAL
2026-02-16,49518.0,49545.0,57752.0,56912.0,-7367.0,-5467.7,,-2799.0,False,False,NO SIGNAL
2026-02-17,49612.0,49562.0,56870.0,57220.0,-7658.0,-5665.9,,-2731.0,False,False,NO SIGNAL
2026-02-18,49545.0,49669.0,57078.0,57676.0,-8007.0,-5856.9,,-2899.0,False,False,NO SIGNAL
2026-02-19,49700.0,49417.0,57696.0,57184.0,-7767.0,-6009.15,,-2688.0,False,False,NO SIGNAL
2026-02-20,49425.0,49630.0,57267.0,57283.0,-7653.0,-6198.4,,-1228.0,False,False,NO SIGNAL
2026-02-23,49529.0,48824.0,57142.0,56926.0,-8102.0,-6441.65,,-938.0,False,False,NO SIGNAL
2026-02-24,48863.0,49210.0,56895.0,58060.0,-8850.0,-6688.75,,-1124.0,False,False,NO SIGNAL
2026-02-25,49185.0,49498.0,58221.0,59794.0,-10296.0,-6966.8,,-2212.0,False,False,NO SIGNAL
2026-02-26,49474.0,49495.0,59731.0,58807.0,-9312.0,-7215.7,,-1923.0,False,False,NO SIGNAL
2026-02-27,49259.0,48985.0,58607.0,58735.0,-9750.0,-7471.75,,-1547.0,False,False,NO SIGNAL
2026-03-02,48449.0,48889.0,58097.0,57816.0,-8927.0,-7689.7,,-1560.0,False,False,NO SIGNAL
2026-03-03,48811.0,48500.0,57631.0,55461.0,-6961.0,-7791.4,,697.0,False,False,NO SIGNAL
2026-03-04,48421.0,48735.0,54947.0,56478.0,-7743.0,-7923.15,,264.0,False,False,NO SIGNAL
2026-03-05,48753.0,47926.0,56408.0,54725.0,-6799.0,-8009.15,,968.0,False,False,NO SIGNAL
2026-03-06,47981.0,47487.0,54679.0,54110.0,-6623.0,-8019.05,,1030.0,False,False,NO SIGNAL
2026-03-09,46648.0,47740.0,52221.0,54746.0,-7006.0,-8011.15,,1096.0,False,False,NO SIGNAL
2026-03-10,47608.0,47726.0,54888.0,54962.0,-7236.0,-7986.65,,1614.0,False,False,NO SIGNAL
2026-03-11,47726.0,47415.0,54949.0,54897.0,-7482.0,-7956.55,,2814.0,False,False,NO SIGNAL
2026-03-12,47038.0,46687.0,54151.0,53895.0,-7208.0,-7947.5,-5980.6,2104.0,False,False,NO SIGNAL
2026-03-13,46795.0,46569.0,53798.0,53337.0,-6768.0,-7875.75,-6060.84,2982.0,False,False,NO SIGNAL
2026-03-16,46615.0,46974.0,53412.0,54596.0,-7622.0,-7888.5,-6148.1,1305.0,True,False,B SIGNAL
2026-03-17,46946.0,47019.0,54385.0,54414.0,-7395.0,-7875.35,-6242.7,-434.0,False,False,NO SIGNAL
2026-03-18,47008.0,46219.0,54475.0,53817.0,-7598.0,-7854.9,-6333.62,145.0,False,False,NO SIGNAL
2026-03-19,46171.0,46038.0,53695.0,53153.0,-7115.0,-7822.3,-6428.06,-316.0,False,False,NO SIGNAL
2026-03-20,46148.0,45599.0,53471.0,51395.0,-5796.0,-7729.45,-6461.52,827.0,False,False,NO SIGNAL
2026-03-23,45574.0,46259.0,51346.0,53324.0,-7065.0,-7677.6,-6510.38,-59.0,True,True,B + C2 SIGNAL
2026-03-24,46336.0,46144.0,53366.0,52756.0,-6612.0,-7565.7,-6546.1,624.0,False,False,NO SIGNAL
2026-03-25,46488.0,46460.0,53076.0,53967.0,-7507.0,-7426.25,-6597.0,-25.0,False,False,NO SIGNAL
2026-03-26,46375.0,45958.0,53810.0,52492.0,-6534.0,-7287.35,-6635.6,674.0,False,False,NO SIGNAL
2026-03-27,46123.0,45164.0,52813.0,51715.0,-6551.0,-7127.4,-6677.98,217.0,True,False,B SIGNAL
2026-03-30,44917.0,45244.0,50846.0,51139.0,-5895.0,-6975.8,-6703.84,1727.0,False,False,NO SIGNAL
2026-03-31,45170.0,46366.0,51026.0,53045.0,-6679.0,-6961.7,-6763.54,716.0,True,False,B SIGNAL
2026-04-01,46345.0,46574.0,53037.0,54219.0,-7645.0,-6956.8,-6832.7,-47.0,False,False,NO SIGNAL
2026-04-02,46606.0,46499.0,54397.0,53394.0,-6895.0,-6961.6,-6876.16,220.0,False,False,NO SIGNAL
2026-04-03,46510.0,46409.0,53230.0,53297.0,-6888.0,-6974.85,-6936.56,-1092.0,False,False,NO SIGNAL
2026-04-06,46220.0,46679.0,52945.0,53997.0,-7318.0,-6990.45,-7018.18,-253.0,False,False,NO SIGNAL
2026-04-07,46721.0,46604.0,53943.0,53953.0,-7349.0,-6996.1,-7087.0,-737.0,False,False,NO SIGNAL
2026-04-08,47558.0,47939.0,56121.0,57054.0,-9115.0,-7077.75,-7174.6,-1608.0,False,False,NO SIGNAL
2026-04-09,47920.0,48205.0,56782.0,56673.0,-8468.0,-7140.75,-7257.28,-1934.0,False,False,NO SIGNAL
2026-04-10,48174.0,47925.0,56550.0,57366.0,-9441.0,-7274.4,-7353.52,-2890.0,False,False,NO SIGNAL
2026-04-13,47396.0,48238.0,56170.0,57647.0,-9409.0,-7363.75,-7450.34,-3514.0,False,False,NO SIGNAL
2026-04-14,48251.0,48567.0,57727.0,58830.0,-10263.0,-7507.15,-7557.06,-3584.0,False,False,NO SIGNAL
2026-04-15,48573.0,48500.0,58767.0,58551.0,-10051.0,-7629.8,-7655.92,-2406.0,False,False,NO SIGNAL
2026-04-16,48557.0,48599.0,58613.0,59322.0,-10723.0,-7810.2,-7768.8,-3828.0,False,False,NO SIGNAL
2026-04-17,48692.0,49468.0,59408.0,59829.0,-10361.0,-8038.45,-7847.52,-3473.0,False,False,NO SIGNAL
2026-04-20,49017.0,49462.0,59029.0,59277.0,-9815.0,-8175.95,-7900.54,-2497.0,False,False,NO SIGNAL
2026-04-21,49553.0,49161.0,59393.0,58507.0,-9346.0,-8312.65,-7932.94,-1997.0,False,False,NO SIGNAL
2026-04-22,49350.0,49510.0,58947.0,59891.0,-10381.0,-8456.35,-7978.88,-1266.0,True,True,B + C2 SIGNAL
2026-04-23,49351.0,49337.0,59844.0,59006.0,-9669.0,-8613.1,-8024.48,-1201.0,False,False,NO SIGNAL
2026-04-24,49289.0,49234.0,59048.0,60037.0,-10803.0,-8825.7,-8076.48,-1362.0,True,True,B + C2 SIGNAL
2026-04-27,49125.0,49212.0,59953.0,60233.0,-11021.0,-9082.0,-8149.56,-1612.0,False,False,NO SIGNAL
2026-04-28,49266.0,49162.0,60394.0,59174.0,-10012.0,-9248.65,-8196.64,251.0,False,False,NO SIGNAL
2026-04-29,49235.0,48888.0,59178.0,58949.0,-10061.0,-9369.45,-8237.72,-10.0,True,True,B + C2 SIGNAL
2026-04-30,48758.0,49701.0,59152.0,59863.0,-10162.0,-9532.8,-8285.62,561.0,False,False,NO SIGNAL
2026-05-01,49802.0,49516.0,59768.0,59453.0,-9937.0,-9685.25,-8331.3,424.0,False,False,NO SIGNAL
2026-05-04,49618.0,48981.0,59681.0,59518.0,-10537.0,-9846.2,-8380.0,-722.0,False,False,NO SIGNAL
2026-05-05,49011.0,49319.0,59514.0,60618.0,-11299.0,-10043.7,-8428.98,-1953.0,False,False,NO SIGNAL
2026-05-06,49417.0,49923.0,61191.0,62090.0,-12167.0,-10196.3,-8466.4,-1786.0,False,False,NO SIGNAL
2026-05-07,49909.0,49619.0,61891.0,62240.0,-12621.0,-10403.95,-8532.58,-2952.0,False,False,NO SIGNAL
2026-05-08,49582.0,49630.0,62272.0,63685.0,-14055.0,-10634.65,-8618.68,-3252.0,False,False,NO SIGNAL
2026-05-11,49506.0,49731.0,63711.0,62980.0,-13249.0,-10826.65,-8705.12,-2228.0,False,False,NO SIGNAL
2026-05-12,49747.0,49776.0,62971.0,62541.0,-12765.0,-10951.75,-8821.2,-2753.0,False,False,NO SIGNAL
2026-05-13,49767.0,49717.0,62525.0,63444.0,-13727.0,-11135.55,-8940.88,-3666.0,True,True,B + C2 SIGNAL
2026-05-14,49844.0,50092.0,63589.0,63094.0,-13002.0,-11249.5,-9064.94,-2840.0,False,False,NO SIGNAL
2026-05-15,50059.0,49537.0,63104.0,61878.0,-12341.0,-11348.5,-9179.3,-2404.0,False,False,NO SIGNAL
2026-05-18,49402.0,49721.0,61569.0,61607.0,-11886.0,-11452.05,-9276.9,-1349.0,False,False,NO SIGNAL
2026-05-19,49730.0,49382.0,61677.0,60753.0,-11371.0,-11553.3,-9359.6,-72.0,False,False,NO SIGNAL
2026-05-20,49434.0,50033.0,60779.0,61582.0,-11549.0,-11611.7,-9440.94,618.0,True,False,B SIGNAL
2026-05-21,49914.0,50305.0,61252.0,62235.0,-11930.0,-11724.75,-9535.38,691.0,False,False,NO SIGNAL
2026-05-22,50369.0,50626.0,62162.0,63374.0,-12748.0,-11822.0,-9654.98,1307.0,False,False,NO SIGNAL
2026-05-25,50877.0,51087.0,64172.0,65536.0,-14449.0,-11993.4,-9791.52,-1200.0,False,False,NO SIGNAL
2026-05-26,50971.0,50495.0,65354.0,65676.0,-15181.0,-12251.85,-9947.24,-2416.0,False,False,NO SIGNAL
2026-05-27,50526.0,50685.0,65695.0,65264.0,-14579.0,-12477.75,-10086.86,-852.0,False,False,NO SIGNAL
2026-05-28,50735.0,50700.0,65131.0,65807.0,-15107.0,-12725.0,-10246.7,-2105.0,True,True,B + C2 SIGNAL
2026-05-29,50726.0,51044.0,65916.0,66275.0,-15231.0,-12989.7,-10435.4,-2890.0,False,False,NO SIGNAL
2026-06-01,51049.0,51077.0,66524.0,67377.0,-16300.0,-13277.85,-10620.1,-4414.0,False,False,NO SIGNAL
2026-06-02,50949.0,51335.0,67277.0,67628.0,-16293.0,-13527.55,-10813.72,-4922.0,False,False,NO SIGNAL
2026-06-03,51287.0,50738.0,67115.0,68350.0,-17612.0,-13799.8,-11015.82,-6063.0,False,False,NO SIGNAL
2026-06-04,50775.0,51605.0,67402.0,67878.0,-16273.0,-13982.4,-11210.6,-4343.0,False,False,NO SIGNAL
2026-06-05,51607.0,50893.0,67627.0,64154.0,-13261.0,-13942.7,-11344.8,-513.0,False,False,NO SIGNAL
2026-06-08,50754.0,50823.0,63985.0,65737.0,-14914.0,-14025.95,-11525.18,-465.0,True,True,B + C2 SIGNAL
2026-06-09,50801.0,50897.0,65688.0,64688.0,-13791.0,-14077.25,-11667.42,1390.0,False,False,NO SIGNAL
2026-06-10,50725.0,49963.0,64299.0,63467.0,-13504.0,-14066.1,-11784.6,1075.0,False,False,NO SIGNAL
2026-06-11,49897.0,50882.0,63189.0,66359.0,-15477.0,-14189.85,-11956.24,-370.0,True,True,B + C2 SIGNAL
2026-06-12,50932.0,51235.0,66563.0,67252.0,-16017.0,-14373.65,-12138.82,-786.0,False,False,NO SIGNAL
2026-06-15,51493.0,51741.0,68325.0,69781.0,-18040.0,-14681.35,-12353.26,-1740.0,False,False,NO SIGNAL
2026-06-16,51735.0,52071.0,69583.0,69147.0,-17076.0,-14966.6,-12547.8,-783.0,False,False,NO SIGNAL
2026-06-17,52117.0,51538.0,69107.0,69916.0,-18378.0,-15308.05,-12733.06,-766.0,True,True,B + C2 SIGNAL
2026-06-18,51762.0,51595.0,70833.0,72040.0,-20445.0,-15733.8,-12972.6,-4172.0,False,False,NO SIGNAL
2026-06-19,51618.0,51487.0,71971.0,71910.0,-20423.0,-16117.55,-13192.24,-7162.0,False,False,NO SIGNAL
2026-06-22,51425.0,51739.0,71678.0,73128.0,-21389.0,-16464.55,-13431.84,-6475.0,False,False,NO SIGNAL
2026-06-23,51752.0,51705.0,73007.0,69186.0,-17481.0,-16579.55,-13576.2,-3690.0,False,False,NO SIGNAL
2026-06-24,51681.0,51919.0,69375.0,69455.0,-17536.0,-16727.4,-13725.9,-4032.0,True,True,B + C2 SIGNAL
2026-06-25,51955.0,51972.0,71413.0,71249.0,-19277.0,-16935.9,-13896.98,-3800.0,False,False,NO SIGNAL
2026-06-26,52134.0,51813.0,71629.0,69680.0,-17867.0,-17067.7,-14047.1,-1850.0,False,False,NO SIGNAL
2026-06-29,52039.0,52233.0,70133.0,70812.0,-18579.0,-17181.65,-14222.38,-539.0,True,True,B + C2 SIGNAL
2026-06-30,52179.0,52312.0,70550.0,71225.0,-18913.0,-17312.65,-14413.72,-1837.0,False,False,NO SIGNAL
2026-07-01,52211.0,52313.0,71040.0,69666.0,-17353.0,-17299.7,-14553.16,1025.0,False,False,NO SIGNAL
2026-07-02,52280.0,52838.0,69684.0,68341.0,-15503.0,-17261.2,-14669.84,4942.0,False,False,NO SIGNAL
2026-07-03,52872.0,52849.0,68650.0,69682.0,-16833.0,-17439.8,-14790.44,3590.0,True,False,B SIGNAL
2026-07-06,52887.0,53065.0,69957.0,70250.0,-17185.0,-17553.35,-14913.72,4204.0,False,False,NO SIGNAL
2026-07-07,53115.0,52917.0,70241.0,67774.0,-14857.0,-17606.65,-15010.62,2624.0,False,False,NO SIGNAL
2026-07-08,52912.0,52352.0,67641.0,67812.0,-15460.0,-17704.45,-15118.6,2076.0,True,False,B SIGNAL
2026-07-09,52335.0,52520.0,67781.0,69024.0,-16504.0,-17755.8,-15245.44,2773.0,False,False,NO SIGNAL
2026-07-10,52536.0,52646.0,69017.0,69242.0,-16596.0,-17784.75,-15378.62,1271.0,False,False,NO SIGNAL
2026-07-13,52560.0,52515.0,68930.0,67383.0,-14868.0,-17626.15,-15465.24,3711.0,False,False,NO SIGNAL
2026-07-14,52432.0,52544.0,66978.0,68191.0,-15647.0,-17554.7,-15552.2,3266.0,True,False,B SIGNAL
2026-07-15,52610.0,52680.0,68363.0,67805.0,-15125.0,-17392.05,-15611.36,2228.0,False,False,NO SIGNAL
2026-07-16,52723.0,52556.0,67889.0,66056.0,-13500.0,-17044.8,-15628.94,2003.0,False,False,NO SIGNAL
2026-07-17,52496.0,52137.0,65800.0,65160.0,-13023.0,-16674.8,-15608.3,3810.0,False,False,NO SIGNAL
2026-07-20,52107.0,51869.0,64859.0,65109.0,-13240.0,-16267.35,-15608.12,3945.0,True,False,B SIGNAL
2026-07-21,51929.0,52237.0,65182.0,67248.0,-15011.0,-16143.85,-15653.04,-154.0,False,False,NO SIGNAL
2026-07-22,52229.0,52245.0,67097.0,66444.0,-14199.0,-15977.0,-15662.48,1261.0,False,False,NO SIGNAL
2026-07-23,52195.0,51727.0,66290.0,65418.0,-13691.0,-15697.7,-15676.26,2813.0,False,False,NO SIGNAL
2026-07-24,51713.0,51950.0,65543.0,64431.0,-12481.0,-15428.4,-15679.06,4115.0,False,False,NO SIGNAL
2026-07-27,52210.0,52216.0,65488.0,64061.0,-11845.0,-15091.7,-15678.24,3023.0,False,False,NO SIGNAL
2026-07-28,52263.0,52774.0,63981.0,62526.0,-9752.0,-14633.65,-15645.86,5895.0,False,False,NO SIGNAL
2026-07-29,52765.0,51606.0,62305.0,61400.0,-9794.0,-14255.7,-15610.76,5331.0,False,False,NO SIGNAL
2026-07-30,51772.0,52250.0,61693.0,63771.0,-11521.0,-14056.6,-15602.58,1979.0,False,False,NO SIGNAL
2026-07-31,52336.0,52477.0,63837.0,63298.0,-10821.0,-13756.0,-15564.04,2202.0,False,False,NO SIGNAL
2026-08-03,52669.0,53210.0,63726.0,63426.0,-10216.0,-13407.55,-15479.38,3024.0,False,False,NO SIGNAL
2026-08-04,53285.0,54115.0,63600.0,65478.0,-11363.0,-13232.85,-15403.02,3648.0,False,False,NO SIGNAL
2026-08-05,54242.0,54348.0,65718.0,65744.0,-11396.0,-13029.65,-15339.36,2803.0,False,False,NO SIGNAL
2026-08-06,54493.0,53899.0,65877.0,65627.0,-11728.0,-12790.85,-15271.78,1963.0,False,False,NO SIGNAL
2026-08-07,53885.0,54028.0,65665.0,66336.0,-12308.0,-12576.45,-15213.32,173.0,False,False,NO SIGNAL
2026-08-10,53934.0,53963.0,66358.0,66772.0,-12809.0,-12473.5,-15143.5,-964.0,False,False,NO SIGNAL
2026-08-11,53899.0,53787.0,66694.0,67132.0,-13345.0,-12358.4,-15084.54,-3593.0,False,False,NO SIGNAL
2026-08-12,53805.0,53777.0,67185.0,68563.0,-14786.0,-12341.45,-15028.02,-4992.0,False,False,NO SIGNAL
2026-08-13,53829.0,53859.0,68588.0,69203.0,-15344.0,-12433.65,-15009.44,-3823.0,False,False,NO SIGNAL
2026-08-14,53882.0,53739.0,69277.0,68745.0,-15006.0,-12532.8,-15044.34,-4185.0,False,False,NO SIGNAL
2026-08-17,53748.0,53483.0,68902.0,69101.0,-15618.0,-12651.7,-15058.42,-5402.0,False,False,NO SIGNAL
2026-08-18,53457.0,53348.0,69013.0,66323.0,-12975.0,-12549.9,-15042.1,-1612.0,False,False,NO SIGNAL
2026-08-19,53336.0,53470.0,66122.0,66014.0,-12544.0,-12467.15,-15022.9,-1148.0,False,False,NO SIGNAL
2026-08-20,53528.0,52790.0,66536.0,65619.0,-12829.0,-12424.05,-14969.94,-1101.0,False,False,NO SIGNAL
2026-08-21,52814.0,53271.0,65596.0,65968.0,-12697.0,-12434.85,-14903.54,-389.0,False,False,NO SIGNAL
2026-08-24,53276.0,53429.0,66127.0,65409.0,-11980.0,-12441.6,-14782.34,829.0,False,False,NO SIGNAL
2026-08-25,53436.0,53580.0,65420.0,66120.0,-12540.0,-12581.0,-14691.62,805.0,False,False,NO SIGNAL
2026-08-26,53571.0,53455.0,66020.0,66032.0,-12577.0,-12720.15,-14575.6,2209.0,False,False,NO SIGNAL
2026-08-27,53728.0,53581.0,67032.0,66280.0,-12699.0,-12779.05,-14420.68,2645.0,False,False,NO SIGNAL
2026-08-28,53540.0,53548.0,66105.0,65788.0,-12240.0,-12850.0,-14257.02,2766.0,False,False,NO SIGNAL
2026-08-31,53473.0,53217.0,65492.0,65945.0,-12728.0,-12975.6,-14083.8,2890.0,False,False,NO SIGNAL
2026-09-01,53231.0,52770.0,65918.0,64905.0,-12135.0,-13014.2,-13976.88,840.0,False,False,NO SIGNAL
2026-09-02,52788.0,53094.0,64843.0,64744.0,-11650.0,-13026.9,-13859.16,894.0,False,False,NO SIGNAL
2026-09-03,53108.0,53692.0,64586.0,64561.0,-10869.0,-12983.95,-13691.0,1960.0,False,False,NO SIGNAL
2026-09-04,53694.0,53377.0,64663.0,65849.0,-12472.0,-12992.15,-13583.1,225.0,False,False,NO SIGNAL
2026-09-07,53276.0,53087.0,66002.0,66111.0,-13024.0,-13002.9,-13472.0,-1044.0,False,False,NO SIGNAL
2026-09-08,53077.0,52808.0,66011.0,65185.0,-12377.0,-12954.5,-13341.28,163.0,False,False,NO SIGNAL
2026-09-09,52802.0,52419.0,65065.0,64203.0,-11784.0,-12804.4,-13229.9,793.0,False,False,NO SIGNAL
2026-09-10,52484.0,52082.0,64483.0,64056.0,-11974.0,-12635.9,-13159.32,725.0,False,False,NO SIGNAL
2026-09-11,52094.0,52577.0,63990.0,64735.0,-12158.0,-12493.5,-13065.82,82.0,False,False,NO SIGNAL
2026-09-14,52448.0,52437.0,63508.0,63315.0,-10878.0,-12256.5,-12939.68,1850.0,False,False,NO SIGNAL
2026-09-15,52444.0,52121.0,63332.0,63600.0,-11479.0,-12181.7,-12872.12,656.0,False,False,NO SIGNAL
2026-09-16,52165.0,51497.0,63686.0,64286.0,-12789.0,-12193.95,-12818.7,-1139.0,False,False,NO SIGNAL
2026-09-17,51649.0,51824.0,64544.0,65036.0,-13212.0,-12213.1,-12752.86,-2343.0,False,False,NO SIGNAL
2026-09-18,51781.0,51672.0,64980.0,65168.0,-13496.0,-12253.05,-12690.86,-1024.0,False,False,NO SIGNAL
2026-09-21,51799.0,52118.0,65411.0,66601.0,-14483.0,-12378.2,-12683.16,-1459.0,False,False,NO SIGNAL
2026-09-22,52083.0,51894.0,66563.0,67169.0,-15275.0,-12514.95,-12675.72,-2898.0,False,False,NO SIGNAL
2026-09-23,51893.0,51492.0,67136.0,66145.0,-14653.0,-12618.75,-12666.28,-2869.0,False,False,NO SIGNAL
2026-09-24,51491.0,51347.0,66140.0,65872.0,-14525.0,-12710.05,-12686.78,-2551.0,False,False,NO SIGNAL
2026-09-25,51295.0,51806.0,65741.0,66656.0,-14850.0,-12840.55,-12723.32,-2692.0,True,True,B + C2 SIGNAL
2026-09-28,51640.0,51462.0,66404.0,65995.0,-14533.0,-12930.8,-12749.18,-3655.0,False,False,NO SIGNAL
2026-09-29,51533.0,51378.0,65645.0,66134.0,-14756.0,-13061.85,-12744.08,-3277.0,False,False,NO SIGNAL
2026-09-30,51463.0,50950.0,66149.0,66963.0,-16013.0,-13280.0,-12780.36,-3224.0,False,False,NO SIGNAL
2026-10-01,51090.0,50930.0,67126.0,68357.0,-17427.0,-13607.9,-12855.08,-4215.0,False,False,NO SIGNAL
2026-10-02,50975.0,51161.0,68332.0,69763.0,-18602.0,-13914.4,-12977.5,-5106.0,False,False,NO SIGNAL
2026-10-05,51232.0,51278.0,69698.0,70000.0,-18722.0,-14199.3,-13115.04,-4239.0,False,False,NO SIGNAL
2026-10-06,51329.0,51511.0,70042.0,70713.0,-19202.0,-14540.55,-13304.04,-3927.0,False,False,NO SIGNAL
