H00,PRT-010-CSV-015,20261008,20261007,0,060509
D01,20261007,2,N26/JPY,日経225リセット付証拠金取引(2026年リセット),70713,70792,083000,70831,092955,69015,223802,69698,045954,69694,-1019,-954.000,0.000,25728,30997
D01,20261007,2,X26/JPY,DAXリセット付証拠金取引(2026年リセット),25356,25318,150000,25340,173005,25066,224416,25164,031324,25124,-232,-859.000,0.000,49,1374
D01,20261007,2,F26/JPY,FTSE100リセット付証拠金取引(2026年リセット),10531,10496,160000,10514,172945,10437,195241,10455,045115,10455,-76,-515.000,66.000,226,4311
D01,20261007,2,D26/JPY,NYダウリセット付証拠金取引(2026年リセット),51504,51546,083000,51546,083000,50896,234505,51152,045954,51152,-352,-272.000,0.000,14198,55536
D01,20261007,2,G26/JPY,金ETFリセット付証拠金取引(2026年リセット),60478,60488,090000,60572,091422,58964,215104,59418,045003,59398,-1080,-1057.000,0.000,1698,9597
D01,20261007,2,C26/JPY,原油ETFリセット付証拠金取引(2026年リセット),6012,6037,090000,6107,223933,5911,024714,5979,045314,5973,-39,-106.000,0.000,2202,24349
D01,20261007,2,Q26/JPY,NASDAQ-100リセット付証拠金取引(2026年リセット),31222,31243,083000,31262,094502,30903,224801,31154,045954,31150,-72,-163.000,5.000,23552,42441
D01,20261007,2,R26/JPY,ラッセル2000リセット付証拠金取引(2026年リセット),2828.9,2830.6,083000,2830.6,083000,2790.1,003346,2792.0,010141,2793.5,-35.4,-147.000,5.000,1289,6082
D01,20261007,2,V26/JPY,銀ETFリセット付証拠金取引(2026年リセット),8802.4,8801.2,090000,8823.8,091411,8484.0,213309,8554.7,042517,8537.5,-264.9,-151.000,0.000,199,5569
D01,20261007,2,P26/JPY,プラチナETFリセット付証拠金取引(2026年リセット),24337,24389,090000,24401,090046,22883,213058,23270,031646,23174,-1163,-412.000,0.000,173,1305
D01,20261007,2,M26/JPY,日経225マイクロリセット付証拠金取引(2026年リセット),70718.6,70822.0,083000,70825.1,083007,69049.9,224204,69690.1,045955,69683.6,-1035.0,-95.000,0.000,21227,31053
D01,20261007,2,N27/JPY,日経225リセット付証拠金取引(2027年リセット),70968,71083,083000,71092,083000,69334,224204,69963,045958,69963,-1005,-958.000,0.000,12646,8840
D01,20261007,2,X27/JPY,DAXリセット付証拠金取引(2027年リセット),25374,25308,150000,25325,172449,25061,225701,25061,231143,25126,-248,-859.000,0.000,69,124
D01,20261007,2,F27/JPY,FTSE100リセット付証拠金取引(2027年リセット),10545,10540,160000,10552,172820,10490,194514,10491,204843,10491,-54,-517.000,66.000,196,1488
D01,20261007,2,D27/JPY,NYダウリセット付証拠金取引(2027年リセット),51523,51570,083000,51570,083000,50920,234521,51180,045935,51170,-353,-272.000,0.000,25823,18711
D01,20261007,2,G27/JPY,金ETFリセット付証拠金取引(2027年リセット),60698,60709,090000,60755,091734,59214,215101,59690,044724,59659,-1039,-1061.000,0.000,1071,2342
D01,20261007,2,C27/JPY,原油ETFリセット付証拠金取引(2027年リセット),5995,6013,090000,6073,224020,5873,022010,5945,045312,5938,-57,-105.000,0.000,4254,6262
D01,20261007,2,Q27/JPY,NASDAQ-100リセット付証拠金取引(2027年リセット),31231,31252,083000,31258,093757,30886,224804,31165,045926,31165,-66,-163.000,5.000,24738,13910
D01,20261007,2,R27/JPY,ラッセル2000リセット付証拠金取引(2027年リセット),2831.1,2829.8,083000,2831.2,091509,2786.5,002232,2795.1,044657,2795.1,-36.0,-147.000,5.000,1667,3840
D01,20261007,2,V27/JPY,銀ETFリセット付証拠金取引(2027年リセット),8852.9,8852.9,090000,8865.9,091537,8494.8,213032,8643.8,022214,8580.9,-272.0,-152.000,0.000,369,746
D01,20261007,2,P27/JPY,プラチナETFリセット付証拠金取引(2027年リセット),24496,24536,090225,24629,091618,23132,213040,23376,045517,23400,-1096,-416.000,0.000,142,177
D01,20261007,2,M27/JPY,日経225マイクロリセット付証拠金取引(2027年リセット),70925.7,71032.3,083000,71043.9,085816,69279.9,224203,69913.6,045958,69921.3,-1004.4,-95.000,0.000,24962,16358
F90,PRT-010-CSV-015,20261008,20261007,22,060509
