date,ny_dow_open,ny_dow_close,nikkei225_open,nikkei225_close
2026-01-02,48162.0,48387.0,50560.0,51143.0
2026-01-05,48394.0,48993.0,51103.0,52252.0
2026-01-06,48989.0,49462.0,52295.0,52127.0
2026-01-07,49500.0,48978.0,52180.0,52030.0
2026-01-08,49022.0,49263.0,51892.0,51656.0
2026-01-09,49344.0,49508.0,51591.0,53631.0
2026-01-12,49453.0,49589.0,53778.0,54211.0
2026-01-13,49540.0,49194.0,54208.0,54020.0
2026-01-14,49167.0,49172.0,54028.0,54134.0
2026-01-15,49127.0,49430.0,54012.0,54034.0
2026-01-16,49487.0,49347.0,54093.0,53779.0
2026-01-19,49084.0,48981.0,53548.0,53583.0
2026-01-20,48975.0,48512.0,53589.0,52206.0
2026-01-21,48563.0,49099.0,52275.0,53286.0
2026-01-22,49195.0,49387.0,53385.0,54109.0
2026-01-23,49365.0,49102.0,54111.0,52970.0
2026-01-26,48919.0,49427.0,52408.0,52664.0
2026-01-27,49239.0,49011.0,52704.0,52919.0
2026-01-28,49004.0,49041.0,53040.0,53776.0
2026-01-29,48939.0,49069.0,53990.0,53403.0
2026-01-30,48958.0,48901.0,53313.0,53530.0
2026-02-02,48798.0,49428.0,53762.0,53996.0
2026-02-03,49444.0,49237.0,54029.0,54164.0
2026-02-04,49259.0,49458.0,54240.0,54566.0
2026-02-05,49512.0,48912.0,54734.0,53991.0
2026-02-06,48782.0,50097.0,53698.0,56522.0
2026-02-09,50213.0,50128.0,58250.0,57292.0
2026-02-10,50100.0,50199.0,57252.0,57925.0
2026-02-11,50276.0,50146.0,57900.0,58230.0
2026-02-12,50140.0,49467.0,58258.0,56856.0
2026-02-13,49492.0,49506.0,57233.0,57709.0
2026-02-16,49518.0,49545.0,57752.0,56912.0
2026-02-17,49612.0,49562.0,56870.0,57220.0
2026-02-18,49545.0,49669.0,57078.0,57676.0
2026-02-19,49700.0,49417.0,57696.0,57184.0
2026-02-20,49425.0,49630.0,57267.0,57283.0
2026-02-23,49529.0,48824.0,57142.0,56926.0
2026-02-24,48863.0,49210.0,56895.0,58060.0
2026-02-25,49185.0,49498.0,58221.0,59794.0
2026-02-26,49474.0,49495.0,59731.0,58807.0
2026-02-27,49259.0,48985.0,58607.0,58735.0
2026-03-02,48449.0,48889.0,58097.0,57816.0
2026-03-03,48811.0,48500.0,57631.0,55461.0
2026-03-04,48421.0,48735.0,54947.0,56478.0
2026-03-05,48753.0,47926.0,56408.0,54725.0
2026-03-06,47981.0,47487.0,54679.0,54110.0
2026-03-09,46648.0,47740.0,52221.0,54746.0
2026-03-10,47608.0,47726.0,54888.0,54962.0
2026-03-11,47726.0,47415.0,54949.0,54897.0
2026-03-12,47038.0,46687.0,54151.0,53895.0
2026-03-13,46795.0,46569.0,53798.0,53337.0
2026-03-16,46615.0,46974.0,53412.0,54596.0
2026-03-17,46946.0,47019.0,54385.0,54414.0
2026-03-18,47008.0,46219.0,54475.0,53817.0
2026-03-19,46171.0,46038.0,53695.0,53153.0
2026-03-20,46148.0,45599.0,53471.0,51395.0
2026-03-23,45574.0,46259.0,51346.0,53324.0
2026-03-24,46336.0,46144.0,53366.0,52756.0
2026-03-25,46488.0,46460.0,53076.0,53967.0
2026-03-26,46375.0,45958.0,53810.0,52492.0
2026-03-27,46123.0,45164.0,52813.0,51715.0
2026-03-30,44917.0,45244.0,50846.0,51139.0
2026-03-31,45170.0,46366.0,51026.0,53045.0
2026-04-01,46345.0,46574.0,53037.0,54219.0
2026-04-02,46606.0,46499.0,54397.0,53394.0
2026-04-03,46510.0,46409.0,53230.0,53297.0
2026-04-06,46220.0,46679.0,52945.0,53997.0
2026-04-07,46721.0,46604.0,53943.0,53953.0
2026-04-08,47558.0,47939.0,56121.0,57054.0
2026-04-09,47920.0,48205.0,56782.0,56673.0
2026-04-10,48174.0,47925.0,56550.0,57366.0
2026-04-13,47396.0,48238.0,56170.0,57647.0
2026-04-14,48251.0,48567.0,57727.0,58830.0
2026-04-15,48573.0,48500.0,58767.0,58551.0
2026-04-16,48557.0,48599.0,58613.0,59322.0
2026-04-17,48692.0,49468.0,59408.0,59829.0
2026-04-20,49017.0,49462.0,59029.0,59277.0
2026-04-21,49553.0,49161.0,59393.0,58507.0
2026-04-22,49350.0,49510.0,58947.0,59891.0
2026-04-23,49351.0,49337.0,59844.0,59006.0
2026-04-24,49289.0,49234.0,59048.0,60037.0
2026-04-27,49125.0,49212.0,59953.0,60233.0
2026-04-28,49266.0,49162.0,60394.0,59174.0
2026-04-29,49235.0,48888.0,59178.0,58949.0
2026-04-30,48758.0,49701.0,59152.0,59863.0
2026-05-01,49802.0,49516.0,59768.0,59453.0
2026-05-04,49618.0,48981.0,59681.0,59518.0
2026-05-05,49011.0,49319.0,59514.0,60618.0
2026-05-06,49417.0,49923.0,61191.0,62090.0
2026-05-07,49909.0,49619.0,61891.0,62240.0
2026-05-08,49582.0,49630.0,62272.0,63685.0
2026-05-11,49506.0,49731.0,63711.0,62980.0
2026-05-12,49747.0,49776.0,62971.0,62541.0
2026-05-13,49767.0,49717.0,62525.0,63444.0
2026-05-14,49844.0,50092.0,63589.0,63094.0
2026-05-15,50059.0,49537.0,63104.0,61878.0
2026-05-18,49402.0,49721.0,61569.0,61607.0
2026-05-19,49730.0,49382.0,61677.0,60753.0
2026-05-20,49434.0,50033.0,60779.0,61582.0
2026-05-21,49914.0,50305.0,61252.0,62235.0
2026-05-22,50369.0,50626.0,62162.0,63374.0
2026-05-25,50877.0,51087.0,64172.0,65536.0
2026-05-26,50971.0,50495.0,65354.0,65676.0
2026-05-27,50526.0,50685.0,65695.0,65264.0
2026-05-28,50735.0,50700.0,65131.0,65807.0
2026-05-29,50726.0,51044.0,65916.0,66275.0
2026-06-01,51049.0,51077.0,66524.0,67377.0
2026-06-02,50949.0,51335.0,67277.0,67628.0
2026-06-03,51287.0,50738.0,67115.0,68350.0
2026-06-04,50775.0,51605.0,67402.0,67878.0
2026-06-05,51607.0,50893.0,67627.0,64154.0
2026-06-08,50754.0,50823.0,63985.0,65737.0
2026-06-09,50801.0,50897.0,65688.0,64688.0
2026-06-10,50725.0,49963.0,64299.0,63467.0
2026-06-11,49897.0,50882.0,63189.0,66359.0
2026-06-12,50932.0,51235.0,66563.0,67252.0
2026-06-15,51493.0,51741.0,68325.0,69781.0
2026-06-16,51735.0,52071.0,69583.0,69147.0
2026-06-17,52117.0,51538.0,69107.0,69916.0
2026-06-18,51762.0,51595.0,70833.0,72040.0
2026-06-19,51618.0,51487.0,71971.0,71910.0
2026-06-22,51425.0,51739.0,71678.0,73128.0
2026-06-23,51752.0,51705.0,73007.0,69186.0
2026-06-24,51681.0,51919.0,69375.0,69455.0
2026-06-25,51955.0,51972.0,71413.0,71249.0
2026-06-26,52134.0,51813.0,71629.0,69680.0
2026-06-29,52039.0,52233.0,70133.0,70812.0
2026-06-30,52179.0,52312.0,70550.0,71225.0
2026-07-01,52211.0,52313.0,71040.0,69666.0
2026-07-02,52280.0,52838.0,69684.0,68341.0
2026-07-03,52872.0,52849.0,68650.0,69682.0
2026-07-06,52887.0,53065.0,69957.0,70250.0
2026-07-07,53115.0,52917.0,70241.0,67774.0
2026-07-08,52912.0,52352.0,67641.0,67812.0
2026-07-09,52335.0,52520.0,67781.0,69024.0
2026-07-10,52536.0,52646.0,69017.0,69242.0
2026-07-13,52560.0,52515.0,68930.0,67383.0
2026-07-14,52432.0,52544.0,66978.0,68191.0
2026-07-15,52610.0,52680.0,68363.0,67805.0
2026-07-16,52723.0,52556.0,67889.0,66056.0
2026-07-17,52496.0,52137.0,65800.0,65160.0
2026-07-20,52107.0,51869.0,64859.0,65109.0
2026-07-21,51929.0,52237.0,65182.0,67248.0
2026-07-22,52229.0,52245.0,67097.0,66444.0
2026-07-23,52195.0,51727.0,66290.0,65418.0
2026-07-24,51713.0,51950.0,65543.0,64431.0
2026-07-27,52210.0,52216.0,65488.0,64061.0
2026-07-28,52263.0,52774.0,63981.0,62526.0
2026-07-29,52765.0,51606.0,62305.0,61400.0
2026-07-30,51772.0,52250.0,61693.0,63771.0
2026-07-31,52336.0,52477.0,63837.0,63298.0
2026-08-03,52669.0,53210.0,63726.0,63426.0
2026-08-04,53285.0,54115.0,63600.0,65478.0
2026-08-05,54242.0,54348.0,65718.0,65744.0
2026-08-06,54493.0,53899.0,65877.0,65627.0
2026-08-07,53885.0,54028.0,65665.0,66336.0
2026-08-10,53934.0,53963.0,66358.0,66772.0
2026-08-11,53899.0,53787.0,66694.0,67132.0
2026-08-12,53805.0,53777.0,67185.0,68563.0
2026-08-13,53829.0,53859.0,68588.0,69203.0
2026-08-14,53882.0,53739.0,69277.0,68745.0
2026-08-17,53748.0,53483.0,68902.0,69101.0
2026-08-18,53457.0,53348.0,69013.0,66323.0
2026-08-19,53336.0,53470.0,66122.0,66014.0
2026-08-20,53528.0,52790.0,66536.0,65619.0
2026-08-21,52814.0,53271.0,65596.0,65968.0
2026-08-24,53276.0,53429.0,66127.0,65409.0
2026-08-25,53436.0,53580.0,65420.0,66120.0
2026-08-26,53571.0,53455.0,66020.0,66032.0
2026-08-27,53728.0,53581.0,67032.0,66280.0
2026-08-28,53540.0,53548.0,66105.0,65788.0
2026-08-31,53473.0,53217.0,65492.0,65945.0
2026-09-01,53231.0,52770.0,65918.0,64905.0
2026-09-02,52788.0,53094.0,64843.0,64744.0
2026-09-03,53108.0,53692.0,64586.0,64561.0
2026-09-04,53694.0,53377.0,64663.0,65849.0
2026-09-07,53276.0,53087.0,66002.0,66111.0
2026-09-08,53077.0,52808.0,66011.0,65185.0
2026-09-09,52802.0,52419.0,65065.0,64203.0
2026-09-10,52484.0,52082.0,64483.0,64056.0
2026-09-11,52094.0,52577.0,63990.0,64735.0
2026-09-14,52448.0,52437.0,63508.0,63315.0
2026-09-15,52444.0,52121.0,63332.0,63600.0
2026-09-16,52165.0,51497.0,63686.0,64286.0
2026-09-17,51649.0,51824.0,64544.0,65036.0
2026-09-18,51781.0,51672.0,64980.0,65168.0
2026-09-21,51799.0,52118.0,65411.0,66601.0
2026-09-22,52083.0,51894.0,66563.0,67169.0
2026-09-23,51893.0,51492.0,67136.0,66145.0
2026-09-24,51491.0,51347.0,66140.0,65872.0
2026-09-25,51295.0,51806.0,65741.0,66656.0
2026-09-28,51640.0,51462.0,66404.0,65995.0
2026-09-29,51533.0,51378.0,65645.0,66134.0
2026-09-30,51463.0,50950.0,66149.0,66963.0
2026-10-01,51090.0,50930.0,67126.0,68357.0
2026-10-02,50975.0,51161.0,68332.0,69763.0
2026-10-05,51232.0,51278.0,69698.0,70000.0
2026-10-06,51329.0,51511.0,70042.0,70713.0
