Date,Silver,Platinum
2025-01-02,4299.2,13384.0
2025-01-03,4291.6,13567.0
2025-01-06,4344.9,13541.0
2025-01-07,4376.9,13772.0
2025-01-08,4394.3,13939.0
2025-01-09,4387.4,13928.0
2025-01-10,4411.0,13908.0
2025-01-13,4299.2,13786.0
2025-01-14,4354.4,13654.0
2025-01-15,4432.1,13545.0
2025-01-16,4403.9,13365.0
2025-01-17,4362.7,13503.0
2025-01-20,4381.1,13560.0
2025-01-21,4417.0,13501.0
2025-01-22,4446.9,13655.0
2025-01-23,4382.4,13610.0
2025-01-24,4408.0,13614.0
2025-01-27,4304.3,13475.0
2025-01-28,4353.7,13494.0
2025-01-29,4386.0,13570.0
2025-01-30,4475.8,13726.0
2025-01-31,4478.6,13973.0
2025-02-03,4485.3,13740.0
2025-02-04,4540.6,13742.0
2025-02-05,4532.6,13765.0
2025-02-06,4509.0,13780.0
2025-02-07,4453.0,13579.0
2025-02-10,4505.6,13778.0
2025-02-11,4497.3,13780.0
2025-02-12,4579.1,13945.0
2025-02-13,4555.0,13875.0
2025-02-14,4534.5,13685.0
2025-02-17,4530.8,13620.0
2025-02-18,4605.8,13733.0
2025-02-19,4589.3,13541.0
2025-02-20,4558.7,13460.0
2025-02-21,4505.7,13244.0
2025-02-24,4493.7,13238.0
2025-02-25,4345.1,13172.0
2025-02-26,4352.6,13110.0
2025-02-27,4288.5,12960.0
2025-02-28,4284.6,13065.0
2025-03-03,4300.7,13001.0
2025-03-04,4358.3,13088.0
2025-03-05,4448.2,13161.0
2025-03-06,4394.4,13090.0
2025-03-07,4390.6,13036.0
2025-03-10,4330.0,12927.0
2025-03-11,4425.4,13255.0
2025-03-12,4467.2,13288.0
2025-03-13,4522.8,13330.0
2025-03-14,4533.6,13334.0
2025-03-17,4597.2,13449.0
2025-03-18,4609.5,13528.0
2025-03-19,4589.0,13420.0
2025-03-20,4567.6,13383.0
2025-03-21,4501.2,13292.0
2025-03-24,4527.5,13260.0
2025-03-25,4586.8,13318.0
2025-03-26,4591.3,13357.0
2025-03-27,4722.7,13510.0
2025-03-28,4618.1,13296.0
2025-03-31,4664.5,13570.0
2025-04-01,4586.0,13350.0
2025-04-02,4615.9,13226.0
2025-04-03,4203.7,12780.0
2025-04-04,3959.4,12281.0
2025-04-07,4011.0,12297.0
2025-04-08,3984.1,12205.0
2025-04-09,4155.0,12583.0
2025-04-10,4109.6,12231.0
2025-04-11,4219.2,12253.0
2025-04-14,4221.3,12428.0
2025-04-15,4235.0,12489.0
2025-04-16,4263.6,12475.0
2025-04-17,4239.2,12507.0
2025-04-21,4227.6,12380.0
2025-04-22,4200.4,12321.0
2025-04-23,4411.6,12607.0
2025-04-24,4389.1,12499.0
2025-04-25,4350.3,12588.0
2025-04-28,4300.0,12654.0
2025-04-29,4262.6,12578.0
2025-04-30,4242.7,12447.0
2025-05-01,4288.0,12630.0
2025-05-02,4230.1,12599.0
2025-05-05,4241.8,12466.0
2025-05-06,4305.8,12589.0
2025-05-07,4245.1,12512.0
2025-05-08,4306.9,12786.0
2025-05-09,4342.4,12897.0
2025-05-12,4393.7,12844.0
2025-05-13,4414.1,12982.0
2025-05-14,4310.0,12850.0
2025-05-15,4332.1,12864.0
2025-05-16,4294.3,12817.0
2025-05-19,4305.5,12917.0
2025-05-20,4371.4,13487.0
2025-05-21,4398.7,13476.0
2025-05-22,4347.1,13484.0
2025-05-23,4361.6,13470.0
2025-05-26,4370.1,13405.0
2025-05-27,4376.6,13398.0
2025-05-28,4355.5,13425.0
2025-05-29,4387.0,13444.0
2025-05-30,4348.8,13399.0
2025-06-02,4515.7,13415.0
2025-06-03,4547.4,13450.0
2025-06-04,4500.2,13416.0
2025-06-05,4687.7,14005.0
2025-06-06,4758.4,14447.0
2025-06-09,4854.3,15180.0
2025-06-10,4842.5,15353.0
2025-06-11,4793.0,15506.0
2025-06-12,4756.4,15581.0
2025-06-13,4749.0,15241.0
2025-06-16,4788.0,15273.0
2025-06-17,4894.2,15373.0
2025-06-18,4842.1,16212.0
2025-06-19,4824.9,16579.0
2025-06-20,4785.8,16214.0
2025-06-23,4829.2,16434.0
2025-06-24,4720.4,16655.0
2025-06-25,4791.9,17185.0
2025-06-26,4819.7,17685.0
2025-06-27,4730.6,17025.0
2025-06-30,4731.0,16867.0
2025-07-01,4705.0,16928.0
2025-07-02,4772.4,17876.0
2025-07-03,4854.0,17464.0
2025-07-04,4855.0,17555.0
2025-07-07,4879.4,17493.0
2025-07-08,4881.0,17548.0
2025-07-09,4834.9,17272.0
2025-07-10,4922.1,17319.0
2025-07-11,5143.2,17525.0
2025-07-14,5085.3,17446.0
2025-07-15,5067.8,17487.0
2025-07-16,5061.1,17487.0
2025-07-17,5130.4,17546.0
2025-07-18,5139.7,17761.0
2025-07-21,5170.2,17799.0
2025-07-22,5194.9,17923.0
2025-07-23,5192.7,18276.0
2025-07-24,5170.8,18310.0
2025-07-25,5087.2,18265.0
2025-07-28,5107.6,18202.0
2025-07-29,5127.6,18300.0
2025-07-30,5031.9,17748.0
2025-07-31,5060.0,17766.0
2025-08-01,4956.1,16892.0
2025-08-04,5003.8,17486.0
2025-08-05,5066.8,17424.0
2025-08-06,5066.6,17519.0
2025-08-07,5108.8,17407.0
2025-08-08,5155.5,17448.0
2025-08-11,5080.0,17515.0
2025-08-12,5094.0,17551.0
2025-08-13,5146.9,17596.0
2025-08-14,5107.3,17364.0
2025-08-15,5078.5,17491.0
2025-08-18,5127.5,17595.0
2025-08-19,5026.5,17360.0
2025-08-20,5104.7,17480.0
2025-08-21,5133.5,17722.0
2025-08-22,5178.2,17604.0
2025-08-25,5177.5,17680.0
2025-08-26,5176.3,17741.0
2025-08-27,5182.5,17592.0
2025-08-28,5237.1,17631.0
2025-08-29,5320.3,17686.0
2025-09-01,5457.7,18224.0
2025-09-02,5534.0,18345.0
2025-09-03,5549.7,18197.0
2025-09-04,5495.7,18163.0
2025-09-05,5510.0,18135.0
2025-09-08,5552.9,18078.0
2025-09-09,5524.1,17820.0
2025-09-10,5533.7,18125.0
2025-09-11,5587.0,18220.0
2025-09-12,5689.6,18299.0
2025-09-15,5727.5,18207.0
2025-09-16,5659.5,18157.0
2025-09-17,5520.4,17844.0
2025-09-18,5630.1,18205.0
2025-09-19,5738.5,18421.0
2025-09-22,5924.3,18889.0
2025-09-23,5861.1,19369.0
2025-09-24,5900.3,19477.0
2025-09-25,6095.2,20431.0
2025-09-26,6219.8,21210.0
2025-09-29,6329.2,22125.0
2025-09-30,6236.2,20677.0
2025-10-01,6366.1,20555.0
2025-10-02,6270.0,20912.0
2025-10-03,6301.7,21389.0
2025-10-06,6557.7,21897.0
2025-10-07,6500.7,22000.0
2025-10-08,6736.2,22810.0
2025-10-09,6688.4,22678.0
2025-10-10,6663.9,22586.0
2025-10-13,6940.9,22879.0
2025-10-14,6890.4,22259.0
2025-10-15,7177.9,22787.0
2025-10-16,7285.7,23439.0
2025-10-17,6941.5,22316.0
2025-10-20,7140.0,22151.0
2025-10-21,6537.0,20746.0
2025-10-22,6535.4,21499.0
2025-10-23,6775.4,22211.0
2025-10-24,6724.1,22479.0
2025-10-27,6498.6,21612.0
2025-10-28,6507.8,21439.0
2025-10-29,6596.8,22097.0
2025-10-30,6806.1,22354.0
2025-10-31,6779.7,22086.0
2025-11-03,6727.1,21860.0
2025-11-04,6674.7,21318.0
2025-11-05,6719.2,21650.0
2025-11-06,6653.5,21420.0
2025-11-07,6717.0,21407.0
2025-11-10,7027.0,21824.0
2025-11-11,7152.4,22067.0
2025-11-12,7485.3,22443.0
2025-11-13,7300.5,21985.0
2025-11-14,7118.3,21745.0
2025-11-17,7023.7,21427.0
2025-11-18,7174.0,21771.0
2025-11-19,7269.3,21885.0
2025-11-20,7267.3,22000.0
2025-11-21,7093.1,21497.0
2025-11-24,7371.1,21982.0
2025-11-25,7328.7,21900.0
2025-11-26,7614.2,22475.0
2025-11-27,7570.0,22812.0
2025-11-28,8003.8,23625.0
2025-12-01,8238.5,23335.0
2025-12-02,8283.0,23013.0
2025-12-03,8254.7,23170.0
2025-12-04,8048.0,23220.0
2025-12-05,8260.8,23170.0
2025-12-08,8237.3,23389.0
2025-12-09,8665.0,23994.0
2025-12-10,8795.0,23441.0
2025-12-11,8973.8,23959.0
2025-12-12,8791.5,24372.0
2025-12-15,9041.0,25365.0
2025-12-16,8980.0,26067.0
2025-12-17,9434.4,26954.0
2025-12-18,9307.4,27466.0
2026-01-02,10141.5,29497.0
2026-01-05,10685.7,31372.0
2026-01-06,11295.0,33270.0
2026-01-07,10790.1,31879.0
2026-01-08,10770.4,31927.0
2026-01-09,11072.3,31952.0
2026-01-12,11971.0,33462.0
2026-01-13,12550.6,33183.0
2026-01-14,13520.0,34204.0
2026-01-15,13317.6,33830.0
2026-01-16,12993.5,32869.0
2026-01-19,13768.0,33435.0
2026-01-20,14095.6,34244.0
2026-01-21,14082.7,35104.0
2026-01-22,14514.5,36798.0
2026-01-23,15095.8,38485.0
2026-01-26,16075.8,38162.0
2026-01-27,16500.3,36868.0
2026-01-28,16883.9,37628.0
2026-01-29,17273.6,36890.0
2026-01-30,11680.0,28888.0
2026-02-02,11229.8,28844.0
2026-02-03,12102.5,30634.0
2026-02-04,12562.0,30753.0
2026-02-05,10594.8,27712.0
2026-02-06,10984.9,29268.0
2026-02-09,11840.8,29349.0
2026-02-10,11319.6,28583.0
2026-02-11,11740.6,28847.0
2026-02-12,10352.8,26779.0
2026-02-13,10590.0,27777.0
2026-02-16,10735.4,27787.0
2026-02-17,10139.6,27179.0
2026-02-18,10807.8,28352.0
2026-02-19,11035.8,28340.0
2026-02-20,11905.6,29676.0
2026-02-23,12523.7,29649.0
2026-02-24,12372.9,30000.0
2026-02-25,12524.3,31500.0
2026-02-26,12545.5,31433.0
2026-02-27,13351.2,32660.0
2026-03-02,12951.7,32200.0
2026-03-03,11790.4,29209.0
2026-03-04,11791.8,29893.0
2026-03-05,11663.9,29451.0
2026-03-06,11885.8,29873.0
2026-03-09,12136.4,30481.0
2026-03-10,12449.7,30833.0
2026-03-11,12306.7,30704.0
2026-03-12,12074.0,30303.0
2026-03-13,11816.8,28616.0
2026-03-16,11671.3,29750.0
2026-03-17,11402.3,29799.0
2026-03-18,11005.4,28662.0
2026-03-19,10146.2,27161.0
2026-03-20,9613.5,27002.0
2026-03-23,9833.6,26105.0
2026-03-24,9904.1,26342.0
2026-03-25,10253.1,26987.0
2026-03-26,9572.7,25458.0
2026-03-27,9985.2,26250.0
2026-03-30,10089.0,26584.0
2026-03-31,10788.0,27456.0
2026-04-01,10830.0,27490.0
2026-04-02,10477.9,28054.0
2026-04-06,10547.1,27813.0
2026-04-07,10496.8,27470.0
2026-04-08,10703.7,28433.0
2026-04-09,10926.0,29542.0
2026-04-10,11042.4,28800.0
2026-04-13,10963.3,29190.0
2026-04-14,11482.0,29700.0
2026-04-15,11512.1,30086.0
2026-04-16,11458.0,29862.0
2026-04-17,11774.3,30030.0
2026-04-20,11614.0,29717.0
2026-04-21,11099.5,28794.0
2026-04-22,11330.7,29735.0
2026-04-23,11039.3,28916.0
2026-04-24,11055.9,28789.0
2026-04-27,11009.3,28382.0
2026-04-28,10655.3,27800.0
2026-04-29,10470.3,27117.0
2026-04-30,10548.7,27850.0
2026-05-01,10818.7,27837.0
2026-05-04,10450.5,27465.0
2026-05-05,10501.0,27688.0
2026-05-06,11061.1,28828.0
2026-05-07,11368.7,28735.0
2026-05-08,11572.1,28585.0
2026-05-11,12365.5,30019.0
2026-05-12,12506.0,30078.0
2026-05-13,12701.5,30640.0
2026-05-14,12146.7,29216.0
2026-05-15,11039.7,28191.0
2026-05-18,11234.7,28062.0
2026-05-19,10782.1,27504.0
2026-05-20,11082.9,27935.0
2026-05-21,11130.0,28077.0
2026-05-22,10996.6,27614.0
2026-05-25,11341.8,28177.0
2026-05-26,11215.3,27841.0
2026-05-27,10903.4,27593.0
2026-05-28,11016.2,27627.0
2026-05-29,11003.5,27652.0
2026-06-01,10954.1,27763.0
2026-06-02,10994.1,27906.0
2026-06-03,10744.4,26924.0
2026-06-04,10865.6,27568.0
2026-06-05,9940.7,25641.0
2026-06-08,9951.7,25112.0
2026-06-09,9519.6,24823.0
2026-06-10,9245.7,24112.0
2026-06-11,9772.1,24834.0
2026-06-12,9845.9,24715.0
2026-06-15,10203.4,25602.0
2026-06-16,10273.6,26291.0
2026-06-17,9832.1,25032.0
2026-06-18,9720.0,24701.0
2026-06-19,9560.9,24166.0
2026-06-22,9620.6,24413.0
2026-06-23,9088.9,24070.0
2026-06-24,8364.5,22850.0
2026-06-25,8481.5,23426.0
2026-06-26,8670.0,23726.0
2026-06-29,8572.1,22975.0
2026-06-30,8783.0,22769.0
2026-07-01,8767.1,23175.0
2026-07-02,8895.0,23529.0
2026-07-03,9166.4,23931.0
2026-07-06,9181.5,23881.0
2026-07-07,8919.6,23927.0
2026-07-08,8671.0,23215.0
2026-07-09,8876.5,23550.0
2026-07-10,8815.9,23595.0
2026-07-13,8533.5,23414.0
2026-07-14,8695.5,23827.0
2026-07-15,8603.3,24574.0
2026-07-16,8241.1,23771.0
2026-07-17,8309.8,23391.0
2026-07-20,8340.0,23300.0
2026-07-21,8715.0,23965.0
2026-07-22,8860.6,24134.0
2026-07-23,8600.5,23492.0
2026-07-24,8684.9,23538.0
2026-07-27,8719.9,23933.0
2026-07-28,8512.0,23642.0
2026-07-29,8532.8,23810.0
2026-07-30,8615.6,23750.0
2026-07-31,8394.9,23663.0
2026-08-03,8286.0,22950.0
2026-08-04,8548.9,24690.0
2026-08-05,8925.0,24621.0
2026-08-06,8908.4,24660.0
2026-08-07,9133.8,24950.0
2026-08-10,9556.8,25196.0
2026-08-11,9424.9,24891.0
2026-08-12,9533.3,25240.0
2026-08-13,9376.0,24616.0
2026-08-14,9409.9,25156.0
2026-08-17,9611.2,25499.0
2026-08-18,9291.8,24758.0
2026-08-19,9566.8,26017.0
2026-08-20,9898.0,26250.0
2026-08-21,10046.7,26889.0
2026-08-24,9962.1,26908.0
2026-08-25,9981.5,26682.0
2026-08-26,9890.0,26347.0
2026-08-27,10097.2,26569.0
2026-08-28,9685.2,26235.0
2026-08-31,9701.9,25845.0
2026-09-01,9332.0,25200.0
2026-09-02,9419.4,25232.0
2026-09-03,9491.3,25556.0
2026-09-04,9370.6,25536.0
2026-09-07,9291.5,25508.0
2026-09-08,9215.6,25321.0
2026-09-09,9386.2,26247.0
2026-09-10,8900.0,24727.0
2026-09-11,8959.1,24900.0
2026-09-14,8814.2,24438.0
2026-09-15,8966.5,24877.0
2026-09-16,8937.3,24613.0
2026-09-17,9236.8,25008.0
2026-09-18,9431.4,25434.0
2026-09-21,9430.3,25594.0
2026-09-22,9610.0,26076.0
2026-09-23,9227.1,24986.0
2026-09-24,9186.8,25146.0
2026-09-25,9178.7,25211.0
2026-09-28,8669.2,24358.0
2026-09-29,8739.0,24150.0
2026-09-30,8597.1,24072.0
2026-10-01,8722.3,24382.0
2026-10-02,8678.8,24129.0
2026-10-05,8733.7,24553.0
2026-10-06,8799.4,24405.0
2026-10-07,8554.7,23270.0
